is_beat,is_beat_0
0,-0.045244772
1,0.03630794
