is_beat,is_beat_0
0,-0.057619035
1,0.048681896
