is_cover,is_cover_0
0,0.03337975
1,-0.004275424
