is_cover,is_cover_0
0,0.028045092
1,0.0010592856
