is_ost,is_ost_0
0,-0.01864565
1,0.036703125
