is_ost,is_ost_0
0,-0.031088855
1,0.049146317
