is_remix,is_remix_0
0,0.06916614
1,-0.082793996
