is_remix,is_remix_0
0,0.071765944
1,-0.08539371
