release_dow,release_dow_0
0,0.029299477
1,0.021112833
2,-0.002018667
3,-0.007667288
4,-0.016179303
5,0.020924022
6,-0.034805454
