release_dow,release_dow_0
0,0.018422833
1,0.019057918
2,-0.0013279173
3,-0.005122869
4,-0.009131367
5,0.027626634
6,-0.038545497
