release_dom,release_dom_0
1,0.012890393
2,-0.0004460115
3,0.024673061
4,0.0026129535
5,0.03700058
6,0.048389178
7,0.03409195
8,0.05583659
9,0.03391997
10,0.10277866
11,0.121272705
12,0.16485313
13,-0.0075954953
14,-0.003694635
15,-0.006722803
16,-0.044706076
17,-0.023873743
18,-0.02186756
19,0.0060508316
20,-0.031863358
21,-0.044681437
22,-0.00548941
23,0.0021078743
24,-0.011141499
25,-0.016039768
26,-0.019188398
27,-0.018094521
28,-0.016233083
29,-0.01714985
30,0.012109426
31,-0.006296832
