release_year,release_year_0
2017,-0.07493051
2018,0.066082224
