release_year,release_year_0
2017,-0.046464376
2018,0.03761616
