release_dom,release_dom_0
1,0.004425854
2,0.0036783237
3,0.02526402
4,0.0032754198
5,0.033880834
6,0.0473179
7,0.03246639
8,0.05256445
9,0.038643323
10,0.105866805
11,0.12434123
12,0.17328428
13,-0.0026135207
14,-0.018830312
15,-0.013299627
16,-0.044136696
17,-0.02514712
18,-0.019155223
19,0.008188339
20,-0.027375866
21,-0.045250963
22,0.0019745803
23,0.0006782116
24,-0.0062711625
25,-0.012945972
26,-0.023104886
27,-0.014348516
28,-0.019785091
29,-0.015865406
30,0.010044042
31,-0.0052804085
